{
    "pos_mean": 0.39756662141558163,
    "pos_std": 0.19874591773861197,
    "neg_mean": 0.045064151357254015,
    "neg_std": 0.06330495107755314,
    "suggested_threshold": 0.22131538638641782,
    "num_positives": 242257,
    "num_negatives": 10000
}